Becamex Hotel New City,Review,Ratings,feedback
1,?ó gi? m?i th?y ng ta ??t 1 phòng gi??ng l?n.mà ?i 2 ng cái tính ti?n ph? thu.ch?a bao gi? th?y khách s?n nào mà 1 phòng ch? cho 1 ng??i ?.3 ng ph? thu thì ko nói.??ng này 2 v? ch?ng c?ng ph? thu.??t cho khách n??c ngoài mà làm ?n ki?u này m?t c? uy tín.,1,
2,"Tôi hi?m khi ?ánh giá v? Khách s?n, nh?ng khách s?n này r?t ??p, ti?n nghi. Nhà hàng có ??y ?? các món ?n ngon, nhân viên thân thi?n. ?ây không ch? là m?t khách s?n kinh doanh, x?ng ?áng ?? gia ?ình th? giãn.",5,
3,"C?n ph?i làm vi?c l?i thái ?? ph?c v? c?a nhân viên l? tân, b?o v? và c? nhân viên ph?c v? nhà hàng. ?n m?c thì r?t l?ch s? nh?ng d??ng nh? ch?a có k? n?ng trong cách giao ti?p và ?ng x? v?i khách hàng.",1,
4,"Mu?n ??n th?m b?n bè nh?ng l? tân và b?o v? r?t khó kh?n . D?ch v? 9? , ph?c v? 1? . Nh?ng khách s?n g?n ?ây l? tân ph?c v? tôt h?n nhi?u l?n",1,
5,Là m?t khách s?n ??p ??ng c?p c?a ngõ ra vào trung tâm thành ph? m?i thoáng mát s?ch s?,5,
6,"Khách s?n trong thành ph? m?i Th? D?u M?t Bình D??ng có v? trí ??p, g?n trung hành chính, quang c?nh xung quanh thoáng, s?ch, ??p. Tiêu chu?n cao c?p, khu ?n sang riêng bi?t thi?t k? ??p, mát, yên t?nh ngay c?nh h? b?i. Ch? ??u xe thu?n ti?n.",5,
7,"Không gian t?ng th? c?c r?ng rãi, hi?n ??i và xanh (ki?u Singapore). Tuy nhiên hành lang và phòng ?c không t??ng x?ng. Nhân viên r?t nhi?t tình, d? m?n. ? khu khách s?n ?i b? sang bên c?n h? ?n sáng h?i xa.",4,
8,"M?i th? r?t Ok, không gian c?ng nh? cách ph?c v? ??u không ph?i chê. Tuy nhiên không nh? kì v?ng c?a mình l?m (mình ngh? s? s?ch s? và sang tr?ng h?n nh? v?y). Nh?ng nói chung v?n r?t Ok",4,
9,"V? trí ??p, khuôn viên r?ng rãi, có s?nh l?n thích h?p t? ch?c h?i ngh?, ti?c tùng",5,
10,"Có tham d? h?i th?o và ?n tr?a ? ?ây m?t l?n.
Không gian r?t Ok và chuyên nghi?p.
?n tr?a giá c? c?ng ph?i ch?ng không ??t nh? mình t??ng.",4,
11,Nhân viên r?t thân thi?n và h?u ích trong vi?c h??ng d?n khách t? s?nh ??n s? ki?n.,5,
12,"Khách s?n ??ng c?p t?i Tp m?i Bình D??ng c?a t?p ?oàn Becamex. V? trí c?c kì thu?n ti?n cho khách hàng khi ??n tham d? các s? ki?n - Tri?n lãm t?i TP m?i Bình D??ng. Khách s?n ??t tiêu chu?n 5 sao nh?ng ch? ?? 4 sao. V?i các h?ng phòng v?i các tiêu chu?n t? th?p ??n cao, phòng h?p VIP, Ballroom, h? b?i, quán cafe Eit's v?i không gian xanh ngát và nhân viên ph?c v? chuyên nghi?p. Trên nóc có sân Tennis, khu v?c r?ng, thoáng ?ãng view nhìn ra Tp M?i thích h?p cho nh?ng ho?t ??ng Teambuilding. N?i ?ây c?ng có s?nh t? ch?c l? c??i trong nhà ho?c ngoài tr?i. Khách s?n có ??i ng? nhân viên c?c kì thân thi?n, nhi?t tình và ???c ?ào t?o bài b?n.",5,
13,"S?ch s?, ti?n nghi t?t và b?a sáng tuy?t v?i v?i m?c giá th?p",5,
14,"Ngay m?t ti?n ng? 4 Hùng V??ng và Lý Thái T?, li?n k? trung tâm hành chính t?nh Bình D??ng, ??i di?n trung tâm tri?n lãm qu?c t? v?a khánh thành; trung tâm thành ph? m?i, lân c?n khu dân c? hi?n h?u
T? h?p có bãi ?? xe ngoài tr?i r?t r?ng, g?m: Khách s?n có s?nh ?ón ti?p r?t r?ng, trang trí ??p m?t, h? b?i khu bên c?nh có s?nh k?t n?i sang ???ng, view ng?m ??p, có quán bar; s?nh ?ó bên ph?i có quán cà phê và ?n u?ng nhi?u góc ch?p hình ??p; nhà hàng t?ng 1 v?i s?nh ti?c l?n,…
Không gian ngh? ng?i, h?i ngh?, ti?c ??ng c?p c?a t?nh BD",5,
15,So v?i v? trí thì r?t t?t trong t?m giá,4,
16,"Sang tr?ng , l?ch lãm ,ph?c v? t?n tình , chu ?áo .",5,
17,"L?n ??u tiên ??n Bình D??ng c?ng là l?n ??u tiên g?p m?t khách s?n t? nh? v?y mình ??t phòng 2 ?êm cho 2 ngày nh?ng b?n mình là ng??i n??c ngoài b?n mình không có h? chi?u g?c nh?ng t?i mình có ch?p hình l?i nh?ng khách s?n không ch?p nh?n cho b mình check in nên mình ?ành tr? phòng trong khi mình ch?a ? ??n m?t ?êm mình làm th? t?c tr? phòng thì khách s?n không hoàn ti?n 1 ?êm ch?a ? cho mình lúc ?ó n?a ?êm r?t mu?n r?i nh?ng khách s?n v?n nh?t quy?t không gi?i quy?t cho mình và mình ph?i check out ngay trong ?êm và cách làm vi?c QUÁ C?NG NH?C VÀ B?O TH? mình ?ã t?ng ?i r?t nhi?u khách s?n 5 ,6 sao ??u ch?p nh?p b?n h? chi?u ch?p hình nh?ng ?ây là l?n ??u tiên mình g?p m?t khách s?n CH?T L??NG D?CH V? QUÁ BÌNH TH??NG CÁC QUY ??NH QUÁ C?NG NH?C VÀ KH?T KHE V?I KHÁCH HÀNG nh? v?y m?t tr?i nghi?m c?c k? t? khi ??n v?i bình d??ng t? nay v? sau mình s? không bao gi? s? d?ng các d?ch v? liên quan ??n BECAMEX n?a !!",1,
18,"Khách s?n ??p, yên t?nh, phòng hi?n ??i và r?t ?n, nhân viên l? phép nh? nhàng",5,
19,"Tôi ?ã l?u trú t?i khách s?n 2 tháng. M?t tr?i nghi?m vô cùng tuy?t v?i. Các b?n r?t chuyên nghi?p và t?n tâm. ?? ?n r?t ngon. N?u có d?p quay l?i Bình D??ng, thì khách s?n Becamex Hotel New City s? là l?a ch?n c?a tôi. C?m ?n các b?n r?t nhi?u",5,
20,"Becamex Hotel- TP M?i Bình D??ng v?i v? trí trung tâm thành ph? ph? m?i Bình D??ng , g?n Tòa nhà Trung tâm hành chính, Khu ?m th?c Hikari, Nhà Hàng Danh Nguyên, Happy Restaurant, bãi ??u xe r?ng rãi, thoáng mát, ?u ?i?m v? trí ti?n l?i ?? chuyên gia n??c ngoài, khách du l?ch có th? l?a ch?n l?u trú ?? làm vi?c t?i các KCN VSIP2, VSIP2 m? r?ng,??ng An 2, ho?c KCN Kim Huy xa h?n là KCN M? Ph??c 1,2,3 hay Bàu Bàng, c?ng ??u ti?n l?i.
?ã có d?p xem phòng ngh? t?i n?i này thì th?y ti?n nghi r?t t?t, nhân viên giao ti?p vui v? và l?ch s?, n?u b?n tìm khách s?n tiêu chu?n t?t v?i khung c?nh lãng m?n và yên t?nh có th? ch?n Becamex Hotel này.",4,
